ncbi_acc	GC	ncbi_name
GCA_000005825.2	0.3986055885653179	Bacillus pseudofirmus OF4
GCA_000006605.1	0.6135136073565238	Corynebacterium jeikeium K411
GCA_000006625.1	0.2549968804832657	Ureaplasma parvum serovar 3 str. ATCC 700970
GCA_000006685.1	0.40305174226605656	Chlamydia muridarum str. Nigg
GCA_000006725.1	0.5261729852094703	Xylella fastidiosa 9a5c
GCA_000006825.1	0.4040488383764779	Pasteurella multocida subsp. multocida str. Pm70
GCA_000006845.1	0.5268965171440748	Neisseria gonorrhoeae FA 1090
GCA_000006905.1	0.6721398116529792	Caulobacter crescentus CB15
GCA_000006985.1	0.5652981360493267	Chlorobium tepidum TLS
GCA_000007085.1	0.3757091147058222	Caldanaerobacter subterraneus subsp. tengcongensis MB4
GCA_000007105.1	0.4632805589285549	Zymomonas mobilis subsp. mobilis ZM4 = ATCC 31821
GCA_000007145.1	0.6506855953659568	Xanthomonas campestris pv. campestris str. ATCC 33913
GCA_000007165.1	0.6471171878510621	Xanthomonas axonopodis pv. citri str. 306
GCA_000007325.1	0.27151587561088786	Fusobacterium nucleatum subsp. nucleatum ATCC 25586
GCA_000007365.1	0.25330577095161927	Buchnera aphidicola str. Sg (Schizaphis graminum)
GCA_000007385.1	0.6369328853396753	Xanthomonas oryzae pv. oryzae KACC 10331
GCA_000007425.1	0.3859268063862488	Streptococcus pyogenes MGAS315
GCA_000007465.2	0.3682865821414956	Streptococcus mutans UA159
GCA_000007485.1	0.46331997200483555	Tropheryma whipplei str. Twist
GCA_000007605.1	0.39185647679446334	Chlamydophila caviae GPIC
GCA_000007625.1	0.28640467359682986	Clostridium tetani E88
GCA_000007665.1	0.6767604767200767	Leifsonia xyli subsp. xyli str. CTCB07
GCA_000007685.1	0.3504434272110743	Leptospira interrogans serovar Copenhageni str. Fiocruz L1-130
GCA_000007705.1	0.6483374306473475	Chromobacterium violaceum ATCC 12472
GCA_000007725.1	0.25341578546490096	Buchnera aphidicola str. Bp (Baizongia pistaciae)
GCA_000007745.1	0.42537978408679394	Mannheimia succiniciproducens MBEL55E
GCA_000007785.1	0.3738115235415512	Enterococcus faecalis V583
GCA_000007845.1	0.35376838451565656	Bacillus anthracis str. Ames
GCA_000007865.1	0.6929860794930454	Mycobacterium avium subsp. paratuberculosis K-10
GCA_000007905.1	0.3593126961347217	Helicobacter hepaticus ATCC 51449
GCA_000007925.1	0.36442138565913607	Prochlorococcus marinus subsp. marinus str. CCMP1375
GCA_000007945.1	0.38220494362711194	Haemophilus ducreyi 35000HP
GCA_000007985.2	0.6093749344542186	Geobacter sulfurreducens PCA
GCA_000008005.1	0.35496754573602884	Bacillus cereus ATCC 10987
GCA_000008025.1	0.35234843214369665	Wolbachia endosymbiont of Drosophila melanogaster
GCA_000008045.1	0.28919402319036686	Rickettsia typhi str. Wilmington
GCA_000008145.1	0.5721933578684566	Brucella abortus bv. 1 str. 9-941
GCA_000008185.1	0.3787375567186421	Treponema denticola ATCC 35405
GCA_000008205.1	0.28522239122804083	Mycoplasma hyopneumoniae J
GCA_000008245.1	0.2849516433263788	Mycoplasma synoviae 53
GCA_000008305.1	0.2702048853791615	Mesoplasma florum L1
GCA_000008325.1	0.6358459219986927	Methylococcus capsulatus str. Bath
GCA_000008365.1	0.24951259781823984	Mycoplasma mobile 163K
GCA_000008385.1	0.34179100884746	Wolbachia endosymbiont strain TRS of Brugia malayi
GCA_000008425.1	0.4619474286851014	Bacillus licheniformis DSM 13 = ATCC 14580
GCA_000008465.1	0.47040239944944523	Idiomarina loihiensis L2TR
GCA_000008505.1	0.3536523435625809	[Bacillus thuringiensis] serovar konkukian str. 97-27
GCA_000008565.1	0.6661435338746753	Deinococcus radiodurans R1
GCA_000008605.1	0.5277518050097368	Treponema pallidum subsp. pallidum str. Nichols
GCA_000008625.1	0.4330160278754406	Aquifex aeolicus VF5
GCA_000008685.2	0.2818072869724479	Borrelia burgdorferi B31
GCA_000008885.1	0.22475121051942806	Wigglesworthia glossinidia endosymbiont of Glossina brevipalpis
GCA_000008945.1	0.6016389861420215	Bifidobacterium longum DJO10A
GCA_000009025.1	0.47025873126659795	Dehalococcoides mccartyi CBDB1
GCA_000009125.1	0.669754300608406	Ralstonia solanacearum GMI1000
GCA_000009145.1	0.5071818367380322	Nitrosomonas europaea ATCC 19718
GCA_000009205.1	0.2905840745272424	Peptoclostridium difficile 630
GCA_000009225.1	0.6050456531378993	Pseudomonas fluorescens SBW25
GCA_000009265.1	0.6086208148842989	Rhizobium leguminosarum bv. viciae 3841
GCA_000009305.1	0.38169015169608395	Helicobacter acinonychis str. Sheeba
GCA_000009365.1	0.5472778010495032	Alcanivorax borkumensis SK2
GCA_000009405.1	0.3463271643061179	Staphylococcus carnosus subsp. carnosus TM300
GCA_000009425.1	0.3574555698843793	Lactococcus lactis subsp. cremoris MG1363
GCA_000009485.1	0.668992780589147	Burkholderia cenocepacia J2315
GCA_000009545.1	0.3663180648170542	Streptococcus uberis 0140J
GCA_000009625.1	0.6250799567210181	Mesorhizobium loti MAFF303099
GCA_000009685.1	0.2851202628866982	Clostridium perfringens str. 13
GCA_000009725.1	0.47366202189551154	Synechocystis sp. PCC 6803
GCA_000009765.2	0.7070135127652237	Streptomyces avermitilis MA-4680 = NBRC 14893
GCA_000009805.1	0.706923206995676	Nocardia farcinica IFM 10152
GCA_000009825.1	0.4475331625878192	Bacillus clausii KSM-K16
GCA_000009845.1	0.2775994063925335	Onion yellows phytoplasma OY-M
GCA_000009865.1	0.3278089567994793	Staphylococcus haemolyticus JCSC1435
GCA_000009905.1	0.686684043088666	Symbiobacterium thermophilum IAM 14863
GCA_000009925.1	0.43204299010165714	Bacteroides fragilis YCH46
GCA_000009945.1	0.3934022325950702	Chlamydia felis Fe/C-56
GCA_000009985.1	0.6509394286220472	Magnetospirillum magneticum AMB-1
GCA_000010045.1	0.4735989345501921	Desulfitobacterium hafniense Y51
GCA_000010085.1	0.5450494839606365	Sodalis glossinidius str. 'morsitans'
GCA_000010105.1	0.6230830719807504	Rhodococcus erythropolis PR4
GCA_000010125.1	0.33185939402591025	Staphylococcus saprophyticus subsp. saprophyticus ATCC 15305
GCA_000010165.1	0.472735528479921	Brevibacillus brevis NBRC 100599
GCA_000010185.1	0.32066500900973455	Finegoldia magna ATCC 29328
GCA_000010205.1	0.3051378630125531	Orientia tsutsugamushi str. Ikeda
GCA_000010225.1	0.5413011767630186	Corynebacterium glutamicum R
GCA_000010285.1	0.7116380109284756	Kocuria rhizophila DC2201
GCA_000010305.1	0.6427436141406316	Gemmatimonas aurantiaca T-27
GCA_000010325.1	0.39688625407429773	Nitratiruptor sp. SB155-2
GCA_000010345.1	0.4387148618201701	Sulfurovum sp. NBC37-1
GCA_000010405.1	0.31594945575715594	Candidatus Vesicomyosocius okutanii HA
GCA_000010425.1	0.5918433953343248	Bifidobacterium adolescentis ATCC 15703
GCA_000010465.1	0.32888255467284866	Staphylococcus aureus subsp. aureus str. Newman
GCA_000010525.1	0.6731902211118088	Azorhizobium caulinodans ORS 571
GCA_000010545.1	0.6668634190397514	Burkholderia multivorans ATCC 17616
GCA_000010565.1	0.5296110399537247	Pelotomaculum thermopropionicum SI
GCA_000010585.1	0.36563115360062926	Macrococcus caseolyticus JCSC5402
GCA_000010605.1	0.7222740792721306	Streptomyces griseus subsp. griseus NBRC 13350
GCA_000010625.1	0.42330631144854475	Microcystis aeruginosa NIES-843
GCA_000010645.1	0.3294781124302913	Candidatus Azobacteroides pseudotrichonymphae genomovar. CFP2
GCA_000010665.1	0.6267432585474507	Desulfovibrio magneticus RS-1
GCA_000010685.1	0.6564301711618175	Mycobacterium bovis BCG str. Tokyo 172
GCA_000010705.1	0.39577133796063313	Streptococcus dysgalactiae subsp. equisimilis GGS_124
GCA_000010725.1	0.676127913883347	Azospirillum sp. B510
GCA_000010785.1	0.4400026389235487	Hydrogenobacter thermophilus TK-6
GCA_000010805.1	0.676210554481474	Rhodococcus opacus B4
GCA_000010925.1	0.5309750557380193	Acetobacter pasteurianus IFO 3283-32
GCA_000011025.1	0.59622282581097	Rothia mucilaginosa DY-18
GCA_000011065.1	0.42860289010755553	Bacteroides thetaiotaomicron VPI-5482
GCA_000011145.1	0.4368551230358618	Bacillus halodurans C-125
GCA_000011165.1	0.40581494320720324	Chlamydophila pneumoniae J138
GCA_000011225.1	0.25717541087254614	Mycoplasma penetrans HF-2
GCA_000011245.1	0.3568131136848414	Oceanobacillus iheyensis HTE831
GCA_000011305.1	0.6297381119147198	Corynebacterium efficiens YS-314
GCA_000011345.1	0.5391792993985405	Thermosynechococcus elongatus BP-1
GCA_000011365.1	0.6405938043196072	Bradyrhizobium diazoefficiens USDA 110
GCA_000011385.1	0.6199785834743322	Gloeobacter violaceus PCC 7421
GCA_000011465.1	0.30799160429194383	Prochlorococcus marinus subsp. pastoris str. CCMP1986
GCA_000011605.1	0.509673245696748	Pectobacterium atrosepticum SCRI1043
GCA_000011685.1	0.6081688785594227	Gluconobacter oxydans 621H
GCA_000011725.1	0.38769360623011734	Helicobacter pylori 51
GCA_000011745.1	0.2956468356125277	Candidatus Blochmannia pennsylvanicus str. BPEN
GCA_000011805.1	0.3834635322218265	Vibrio fischeri ES114
GCA_000011905.1	0.48850257191846064	Dehalococcoides mccartyi 195
GCA_000011925.1	0.3214903322440087	Staphylococcus epidermidis RP62A
GCA_000011945.1	0.497626675416866	Anaplasma marginale str. St. Maries
GCA_000011965.2	0.6406962066033651	Ruegeria pomeroyi DSS-3
GCA_000011985.1	0.3471458095066113	Lactobacillus acidophilus NCFM
GCA_000012005.1	0.5096869901649035	Shigella dysenteriae Sd197
GCA_000012085.1	0.2911896482181985	Borrelia turicatae 91E135
GCA_000012145.1	0.325134195206774	Rickettsia felis URRWXCal2
GCA_000012205.1	0.5791329431350581	Pseudomonas savastanoi pv. phaseolicola 1448A
GCA_000012225.1	0.26811746343080517	Aster yellows witches'-broom phytoplasma AYWB
GCA_000012245.1	0.592328008378492	Pseudomonas syringae pv. syringae B728a
GCA_000012265.1	0.633049291346173	Pseudomonas protegens Pf-5
GCA_000012305.1	0.4280022529889263	Psychrobacter arcticus 273-4
GCA_000012325.1	0.3800542695387089	Colwellia psychrerythraea 34H
GCA_000012345.1	0.2968308145349908	Candidatus Pelagibacter ubique HTCC1062
GCA_000012365.1	0.6762812218730239	Burkholderia thailandensis E264
GCA_000012445.1	0.6052095200597042	Pseudomonas fluorescens Pf0-1
GCA_000012485.1	0.5733004572821355	Chlorobium luteolum DSM 273
GCA_000012505.1	0.5416448156189201	Synechococcus sp. CC9902
GCA_000012525.1	0.5542636408025616	Synechococcus elongatus PCC 7942
GCA_000012565.1	0.2895774240891843	Ehrlichia canis str. Jake
GCA_000012625.1	0.592176396714966	Synechococcus sp. CC9605
GCA_000012645.1	0.31210493305655734	Prochlorococcus marinus str. MIT 9312
GCA_000012685.1	0.6889123930237578	Myxococcus xanthus DK 1622
GCA_000012725.1	0.6204900924225175	Nitrobacter winogradskyi Nb-255
GCA_000012745.1	0.6606722296893026	Thiobacillus denitrificans ATCC 25259
GCA_000012805.1	0.5034191142755012	Nitrosococcus oceani ATCC 19707
GCA_000012825.1	0.42201496013413414	Bacteroides vulgatus ATCC 8482
GCA_000012845.1	0.45059576474852636	Parabacteroides distasonis ATCC 8503
GCA_000012865.1	0.42049719365118493	Carboxydothermus hydrogenoformans Z-2901
GCA_000012885.1	0.5511374718247368	Pelobacter carbinolicus DSM 2380
GCA_000012925.1	0.5948538361011791	Geobacter metallireducens GS-15
GCA_000012945.1	0.6627244611945884	Burkholderia lata
GCA_000012965.1	0.3446195676613094	Sulfurimonas denitrificans DSM 1251
GCA_000012985.1	0.5386974591515463	Hahella chejuensis KCTC 2396
GCA_000013005.1	0.630685120354554	Erythrobacter litoralis HTCC2594
GCA_000013025.1	0.6193028325615428	Hyphomonas neptunium ATCC 15444
GCA_000013045.1	0.6613482235245843	Salinibacter ruber DSM 13855
GCA_000013085.1	0.653787299245193	Rhodospirillum rubrum ATCC 11170
GCA_000013125.1	0.4163593383185548	Anaplasma phagocytophilum str. HZ
GCA_000013145.1	0.30100710054342283	Ehrlichia chaffeensis str. Arkansas
GCA_000013165.1	0.4108434632586967	Neorickettsia sennetsu str. Miyayama
GCA_000013185.1	0.3323617497249204	Baumannia cicadellinicola str. Hc (Homalodisca coagulata)
GCA_000013205.1	0.6023733226585415	Synechococcus sp. JA-3-3Ab
GCA_000013225.1	0.5845037877295942	Synechococcus sp. JA-2-3B'a(2-13)
GCA_000013265.1	0.5061346868544244	Escherichia coli UTI89
GCA_000013325.1	0.651125808291093	Novosphingobium aromaticivorans DSM 12444
GCA_000013345.1	0.7007881290364375	Frankia sp. CcI3
GCA_000013365.1	0.6603837531903783	Rhodopseudomonas palustris HaA2
GCA_000013405.1	0.5146003837322681	Syntrophus aciditrophicus SB
GCA_000013565.1	0.6224388057444411	Jannaschia sp. CCS1
GCA_000013585.1	0.5091773925711652	Shigella flexneri 5 str. 8401
GCA_000013605.1	0.5959603073292521	Rhodoferax ferrireducens T118
GCA_000013625.1	0.5423418180544205	Janthinobacterium sp. Marseille
GCA_000013645.1	0.6262781393090922	Paraburkholderia xenovorans LB400
GCA_000013665.1	0.4582607600427956	Saccharophagus degradans 2-40
GCA_000013685.1	0.6480775405567091	Rhodopseudomonas palustris BisB5
GCA_000013705.1	0.5571908220615934	Methylobacillus flagellatus KT
GCA_000013785.1	0.6387849765447349	Pseudomonas stutzeri A1501
GCA_000013845.1	0.28230917459210675	Clostridium perfringens SM101
GCA_000013865.1	0.6197460243620772	Polaromonas sp. JS666
GCA_000013885.1	0.6161730907297224	Nitrobacter hamburgensis X14
GCA_000013905.1	0.42237730712712307	Psychrobacter cryohalolentis K5
GCA_000013945.1	0.4022911239738114	Leptospira borgpetersenii serovar Hardjo-bovis str. L550
GCA_000013985.1	0.6545811691747342	Sphingopyxis alaskensis RB2256
GCA_000014005.1	0.5838384331781576	Candidatus Koribacter versatilis Ellin345
GCA_000014025.1	0.2704515662780283	Arcobacter butzleri RM4018
GCA_000014045.1	0.5888003280358438	Roseobacter denitrificans OCh 114
GCA_000014065.1	0.6005637384894765	Ruegeria sp. TM1040
GCA_000014125.1	0.2885568272808629	Clostridium novyi NT
GCA_000014145.1	0.3884645420098899	Cytophaga hutchinsonii ATCC 33406
GCA_000014185.1	0.7047658403570273	Rubrobacter xylanophilus DSM 9941
GCA_000014205.1	0.43400218134468804	Streptococcus sanguinis SK36
GCA_000014225.1	0.4461609348747495	Pseudoalteromonas atlantica T6c
GCA_000014285.1	0.5907213049987908	Granulibacter bethesdensis CGDNIH1
GCA_000014325.1	0.4111336652513864	Streptococcus suis 98HAH33
GCA_000014345.1	0.31053948534711995	Rickettsia canadensis str. McKiel
GCA_000014365.1	0.3970597938043561	Streptococcus pneumoniae D39
GCA_000014385.1	0.3788888283571569	Oenococcus oeni PSU-1
GCA_000014405.1	0.49686340673501883	Lactobacillus delbrueckii subsp. bulgaricus ATCC BAA-365
GCA_000014425.1	0.35259612745201546	Lactobacillus gasseri ATCC 33323 = JCM 1131
GCA_000014465.1	0.46058247316073475	Lactobacillus brevis ATCC 367
GCA_000014505.1	0.37357828886583455	Pediococcus pentosaceus ATCC 25745
GCA_000014525.1	0.46575192565805784	Lactobacillus paracasei ATCC 334
GCA_000014545.1	0.3578385189358777	Lactococcus lactis subsp. cremoris SK11
GCA_000014565.1	0.6698134763417786	Rhodococcus jostii RHA1
GCA_000014585.1	0.524473405177639	Synechococcus sp. CC9311
GCA_000014625.1	0.662923163216312	Pseudomonas aeruginosa UCBPP-PA14
GCA_000014685.1	0.478944654246543	Shewanella sp. MR-4
GCA_000014725.1	0.4486592341448712	Syntrophomonas wolfei subsp. wolfei str. Goettingen G311
GCA_000014745.1	0.6272763433646602	Maricaulis maris MCS10
GCA_000014765.1	0.4854099324759582	Nitrosomonas eutropha C91
GCA_000014785.1	0.6753125206047478	Alkalilimnicola ehrlichii MLHE-1
GCA_000014805.1	0.6154840352344466	Aeromonas hydrophila subsp. hydrophila ATCC 7966
GCA_000014865.1	0.5416747800281423	Magnetococcus marinus MC-1
GCA_000014885.1	0.4329178893781794	Shewanella piezotolerans WP3
GCA_000014925.1	0.6242985944337557	Paenarthrobacter aurescens TC1
GCA_000014965.1	0.5994872802991272	Syntrophobacter fumaroxidans MPOB
GCA_000015005.1	0.6740280664187348	Mycobacterium smegmatis str. MC2 155
GCA_000015025.1	0.66907355721617	Acidothermus cellulolyticus 11B
GCA_000015045.1	0.5848307958347785	Pelobacter propionicus DSM 2379
GCA_000015085.1	0.33307510367244303	Campylobacter fetus subsp. fetus 82-40
GCA_000015105.1	0.34033436080159757	Candidatus Ruthia magnifica str. Cm (Calyptogena magnifica)
GCA_000015125.1	0.48351448130796687	Chlorobium phaeobacteroides DSM 266
GCA_000015165.1	0.6480619974326289	Bradyrhizobium sp. BTAi1
GCA_000015185.1	0.4463327089147435	Shewanella sp. W3-18-1
GCA_000015265.1	0.7144044271617975	Nocardioides sp. JS614
GCA_000015285.1	0.40086275149695216	Psychromonas ingrahamii 37
GCA_000015305.1	0.6779312262346798	Mycobacterium vanbaalenii PYR-1
GCA_000015325.1	0.6853230438359789	Acidovorax citrulli AAC00-1
GCA_000015345.1	0.44395756573762246	Dichelobacter nodosus VCS1703A
GCA_000015365.1	0.5692706038501498	Marinobacter hydrocarbonoclasticus VT8
GCA_000015385.1	0.3707701024205031	Lactobacillus helveticus DPC 4571
GCA_000015425.1	0.38920907789564596	Acinetobacter baumannii ATCC 17978
GCA_000015445.1	0.382386830364403	Bartonella bacilliformis KC583
GCA_000015505.1	0.6167955270666473	Polaromonas naphthalenivorans CJ2
GCA_000015545.1	0.6608755125782034	Acidovorax sp. JS42
GCA_000015565.1	0.6524191118058901	Verminephrobacter eiseniae EF01-2
GCA_000015585.1	0.6798172974539025	Halorhodospira halophila SL1
GCA_000015605.1	0.6846732051582788	Burkholderia mallei NCTC 10229
GCA_000015645.1	0.313215393146598	Prochlorococcus marinus str. AS9601
GCA_000015665.1	0.3079417853555032	Prochlorococcus marinus str. MIT 9515
GCA_000015685.1	0.34979308007428417	Prochlorococcus marinus str. NATL1A
GCA_000015705.1	0.5000758571202252	Prochlorococcus marinus str. MIT 9303
GCA_000015725.1	0.6878189712852356	Methylibium petroleiphilum PM1
GCA_000015745.1	0.4886161686823658	Geobacillus thermodenitrificans NG80-2
GCA_000015845.1	0.4622891780038391	Shewanella baltica OS155
GCA_000015885.1	0.41299513471638816	Actinobacillus pleuropneumoniae serovar 5b str. L20
GCA_000015925.1	0.6825797767859473	Burkholderia pseudomallei 1106a
GCA_000015965.1	0.3133988558231149	Prochlorococcus marinus str. MIT 9301
GCA_000016145.1	0.6561251336828223	Mycobacterium tuberculosis H37Ra
GCA_000016165.1	0.4227525038080942	Desulfotomaculum reducens MI-1
GCA_000016185.1	0.7046127199295242	Rhodospirillum centenum SW
GCA_000016205.1	0.6573805247721685	Burkholderia vietnamiensis G4
GCA_000016265.1	0.5987422490478875	Agrobacterium radiobacter K84
GCA_000016285.1	0.5747074884044255	Agrobacterium vitis S4
GCA_000016325.1	0.529004090914048	Enterobacter sp. 638
GCA_000016345.1	0.4483410434871196	Polynucleobacter necessarius subsp. asymbioticus QLW-P1DMWA-1
GCA_000016425.1	0.6946100876058272	Salinispora tropica CNB-440
GCA_000016465.1	0.380405279812291	Haemophilus influenzae PittEE
GCA_000016485.1	0.3800939072616776	Haemophilus influenzae PittGG
GCA_000016505.1	0.32040235598190764	Clostridium kluyveri DSM 555
GCA_000016545.1	0.3525407580106219	Caldicellulosiruptor saccharolyticus DSM 8903
GCA_000016645.1	0.3411285327951776	Flavobacterium johnsoniae UW101
GCA_000016665.1	0.6038734500391099	Roseiflexus sp. RS-1
GCA_000016725.1	0.6709526428939108	Acidiphilium cryptum JF-5
GCA_000016745.1	0.5423823155835529	Geobacter uraniireducens Rf4
GCA_000016765.1	0.6790116590248317	Sphingomonas wittichii RW1
GCA_000016905.1	0.3139985735454288	Thermosipho melanesiensis BI429
GCA_000016965.1	0.29855588544673295	Clostridium beijerinckii NCIMB 8052
GCA_000016985.1	0.3682202449465125	Alkaliphilus metalliredigens QYMF
GCA_000017005.1	0.40506778011364514	Streptococcus gordonii str. Challis substr. CH1
GCA_000017145.1	0.6114981336475017	Sinorhizobium medicae WSM419
GCA_000017245.1	0.44918593778492827	Actinobacillus succinogenes 130Z
GCA_000017265.1	0.7110131893019573	Phenylobacterium zucineum HLK1
GCA_000017305.1	0.7424513867369074	Kineococcus radiotolerans SRS30216 = ATCC BAA-149
GCA_000017405.1	0.5612501265421089	Ochrobactrum anthropi ATCC 49188
GCA_000017425.1	0.358669997916544	Bacillus cytotoxicus NVH 391-98
GCA_000017445.3	0.3244682822360178	Rickettsia rickettsii str. Iowa
GCA_000017465.1	0.4453533367423136	Campylobacter curvus 525.92
GCA_000017485.1	0.3057331123523527	Campylobacter jejuni subsp. doylei 269.97
GCA_000017505.1	0.7353140115839553	Anaeromyxobacter sp. Fw109-5
GCA_000017545.1	0.34989309578894384	Fervidobacterium nodosum Rt17-B1
GCA_000017565.1	0.6232809544427542	Parvibaculum lavamentivorans DS-1
GCA_000017585.1	0.31738359718942244	Campylobacter hominis ATCC BAA-381
GCA_000017645.1	0.6734512003168656	Xanthobacter autotrophicus Py2
GCA_000017665.1	0.5673373463315453	Cronobacter sakazakii ATCC BAA-894
GCA_000017685.1	0.3889465330177697	Leptospira biflexa serovar Patoc strain 'Patoc 1 (Paris)'
GCA_000017705.1	0.45420530944178616	Vibrio campbellii ATCC BAA-1116
GCA_000017725.1	0.3926680422899364	Campylobacter concisus 13826
GCA_000017805.1	0.6069007764404369	Roseiflexus castenholzii DSM 13941
GCA_000017845.1	0.37941940638897276	Cyanothece sp. ATCC 51142
GCA_000017865.1	0.3869703307479551	Pseudothermotoga lettingae TMO
GCA_000017885.4	0.4128761734267909	Bacillus pumilus SAFR-032
GCA_000017965.1	0.3713494011266926	Lysinibacillus sphaericus C3-41
GCA_000018025.1	0.46077876293525133	Shewanella sediminis HAW-EB3
GCA_000018045.1	0.5382743054008389	Citrobacter koseri ATCC BAA-895
GCA_000018065.1	0.31145049143369813	Prochlorococcus marinus str. MIT 9215
GCA_000018105.1	0.46955892880762745	Acaryochloris marina MBIC11017
GCA_000018205.1	0.32334735918639224	Rickettsia akari str. Hartford
GCA_000018245.1	0.3162820965611061	Rickettsia bellii OSU 85-389
GCA_000018285.1	0.4466195427223963	Shewanella pealeana ATCC 700345
GCA_000018325.1	0.36257306571544373	Alkaliphilus oremlandii OhILAs
GCA_000018345.1	0.6573408923290548	Mycobacterium marinum M
GCA_000018405.1	0.5616861557839716	Desulfococcus oleovorans Hxd3
GCA_000018425.1	0.6084714208615027	Candidatus Desulforudis audaxviator MP104C
GCA_000018445.1	0.38932891968103606	Acinetobacter baumannii ACICU
GCA_000018545.1	0.624201598978511	Sinorhizobium fredii NGR234
GCA_000018565.1	0.5089830710802411	Herpetosiphon aurantiacus DSM 785
GCA_000018605.1	0.34123190636943734	Petrotoga mobilis SJ95
GCA_000018665.1	0.6647625701254553	Delftia acidovorans SPH-1
GCA_000018685.1	0.35348525474699405	Lachnoclostridium phytofermentans ISDg
GCA_000018785.1	0.31927759132981337	Acholeplasma laidlawii PG-8A
GCA_000018825.1	0.35483163489360936	Bacillus weihenstephanensis KBAB4
GCA_000018865.1	0.5669715230897696	Chloroflexus aurantiacus J-10-fl
GCA_000018885.1	0.5627132556849695	Renibacterium salmoninarum ATCC 33209
GCA_000018925.1	0.32254211710736547	Francisella tularensis subsp. mediasiatica FSC147
GCA_000018945.1	0.4694241951180168	Thermotoga neapolitana DSM 4359
GCA_000019045.1	0.4177675142074495	Anoxybacillus flavithermus WK1
GCA_000019125.1	0.6194224495470048	Pseudomonas putida GB-1
GCA_000019165.1	0.5697519060078877	Heliobacterium modesticaldum Ice1
GCA_000019185.1	0.44590874505946815	Shewanella halifaxensis HAW-EB4
GCA_000019205.1	0.2962000075079804	Campylobacter lari RM2100
GCA_000019225.1	0.5199123885929493	Cellvibrio japonicus Ueda107
GCA_000019365.1	0.7150248318959807	Methylobacterium sp. 4-46
GCA_000019405.1	0.3737806760762716	Haemophilus somnus 2336
GCA_000019485.1	0.49187037289567104	Synechococcus sp. PCC 7002
GCA_000019505.1	0.6659509402940943	Burkholderia cenocepacia MC0-3
GCA_000019525.1	0.43700992165148683	Shewanella woodyi ATCC 51908
GCA_000019545.1	0.2814333246237814	Clostridium botulinum A3 str. Loch Maree
GCA_000019625.1	0.4617767654243798	Thermotoga sp. RQ2
GCA_000019665.1	0.45482774375914076	Methylacidiphilum infernorum V4
GCA_000019685.1	0.28011576747703476	Borrelia duttonii Ly
GCA_000019725.1	0.7103539442043973	Methylobacterium radiotolerans JCM 2831
GCA_000019785.1	0.6889968087769531	Leptothrix cholodnii SP-6
GCA_000019845.1	0.5698295574903998	Beijerinckia indica subsp. indica ATCC 9039
GCA_000019885.1	0.42616986462961026	Coxiella burnetii CbuK_Q154
GCA_000019925.1	0.6639171866511325	Burkholderia ambifaria MC40-6
GCA_000019945.1	0.6936026809382874	Methylobacterium populi BJ001
GCA_000019965.1	0.653411396022395	Opitutus terrae PB90-1
GCA_000020005.1	0.363089476799439	Natranaerobius thermophilus JW/NM-WN-LF
GCA_000020025.1	0.41354520508508985	Nostoc punctiforme PCC 73102
GCA_000020045.1	0.6229240337359429	Paraburkholderia phymatum STM815
GCA_000020065.1	0.3070949828935966	Mycoplasma arthritidis 158L3-1
GCA_000020125.1	0.6228682922648758	Paraburkholderia phytofirmans PsJN
GCA_000020145.1	0.39952128365099704	Elusimicrobium minutum Pei191
GCA_000020225.1	0.5576235444438689	Akkermansia muciniphila ATCC BAA-835
GCA_000020265.1	0.6130982585737575	Rhizobium etli CIAT 652
GCA_000020285.1	0.2736124060154485	Clostridium botulinum E3 str. Alaska E43
GCA_000020325.1	0.3202744497786713	Sulfurihydrogenibium sp. YO3AOP1
GCA_000020365.1	0.4876364978360778	Desulfobacterium autotrophicum HRM2
GCA_000020385.1	0.547356186953581	Geobacter lovleyi SZ
GCA_000020425.1	0.5986314349176136	Bifidobacterium longum subsp. infantis ATCC 15697 = JCM 1222 = DSM 20088
GCA_000020465.1	0.5131683375066635	Chlorobium limicola DSM 245
GCA_000020485.1	0.37883192030241886	Halothermothrix orenii H 168
GCA_000020505.1	0.5579611479572558	Chlorobaculum parvum NCIB 8327
GCA_000020525.1	0.4503891960299454	Chloroherpeton thalassium ATCC 35110
GCA_000020565.1	0.35045033762054467	Candidatus Amoebophilus asiaticus 5a2
GCA_000020585.3	0.4487134192950839	Alteromonas mediterranea
GCA_000020605.1	0.4148117871631758	[Eubacterium rectale] ATCC 33656
GCA_000020625.1	0.5010510932493958	Prosthecochloris aestuarii DSM 271
GCA_000020645.1	0.48077586989495197	Pelodictyon phaeoclathratiforme BU-1
GCA_000020665.1	0.6629990277590425	Stenotrophomonas maltophilia R551-3
GCA_000020685.1	0.629702679070969	Deinococcus deserti VCD115
GCA_000020705.1	0.5205618925597696	Salmonella enterica subsp. enterica serovar Heidelberg str. SL476
GCA_000020725.1	0.6026670855768501	Geobacter bemidjiensis Bem
GCA_000020805.1	0.7484068379526603	Anaeromyxobacter sp. K
GCA_000020825.1	0.5885049001087681	Acidithiobacillus ferrooxidans ATCC 53993
GCA_000020865.1	0.5970672678321608	Edwardsiella tarda EIB202
GCA_000020925.1	0.5212586419124186	Salmonella enterica subsp. enterica serovar Dublin str. CT_02021853
GCA_000020945.1	0.44770133173136306	Coprothermobacter proteolyticus DSM 5265
GCA_000020965.1	0.33740989098397084	Dictyoglomus thermophilum H-6-12
GCA_000020985.1	0.3412890388925458	Thermodesulfovibrio yellowstonii DSM 11347
GCA_000021025.1	0.6235231495373311	Laribacter hongkongensis HLHK9
GCA_000021045.1	0.6567554802902642	Azotobacter vinelandii DJ
GCA_000021165.1	0.3886993066199723	Helicobacter pylori G27
GCA_000021265.1	0.25774233314045636	Ureaplasma urealyticum serovar 10 str. ATCC 33699
GCA_000021285.1	0.30810792316194574	Thermosipho africanus TCF52B
GCA_000021305.1	0.3501549551031991	Bacillus cereus G9842
GCA_000021325.1	0.663230179105873	Gluconacetobacter diazotrophicus PA1 5
GCA_000021345.1	0.6117793263842954	Rhizobium leguminosarum bv. trifolii WSM2304
GCA_000021425.1	0.6049035654537039	Bifidobacterium animalis subsp. lactis AD011
GCA_000021465.1	0.38786179409253235	Helicobacter pylori P12
GCA_000021545.1	0.32752931970484056	Sulfurihydrogenibium azorense Az-Fu1
GCA_000021565.1	0.3708051154154007	Persephonella marina EX-H1
GCA_000021645.1	0.33957349802754966	Dictyoglomus turgidum DSM 6724
GCA_000021685.1	0.6428476051633455	Thermomicrobium roseum DSM 5159
GCA_000021725.1	0.33507531417691255	Nautilia profundicola AmH
GCA_000021745.1	0.63083362172884	Methylocella silvestris BL2
GCA_000021765.1	0.6829914226117948	Thauera sp. MZ1T
GCA_000021805.1	0.3975784584394909	Cyanothece sp. PCC 8801
GCA_000021825.1	0.3850980955785547	Cyanothece sp. PCC 7424
GCA_000021845.1	0.6807929869795357	Methylobacterium extorquens CM4
GCA_000021865.1	0.6655858075580074	Rhodobacter capsulatus SB 1003
GCA_000021885.1	0.3999310756951043	Haemophilus parasuis SH0165
GCA_000021945.1	0.564284938241353	Chloroflexus aggregans DSM 9485
GCA_000021985.1	0.6506297780320353	Thioalkalivibrio sulfidiphilus HL-EbGr7
GCA_000022025.1	0.6595864245021338	Pseudarthrobacter chlorophenolicus A6
GCA_000022065.1	0.3740398709767485	[Clostridium] cellulolyticum H10
GCA_000022085.1	0.6844381652178262	Methylobacterium nodulans ORS 2060
GCA_000022105.1	0.2700071855877264	Brachyspira hyodysenteriae WA1
GCA_000022265.1	0.5347198200209502	Geobacter daltonii FRC-32
GCA_000022285.1	0.35164637558070455	Wolbachia sp. wRi
GCA_000022525.1	0.4127130595458745	Neorickettsia risticii str. Illinois
GCA_000022565.1	0.604970106770533	Acidobacterium capsulatum ATCC 51196
GCA_000022585.1	0.47319779584776395	Vibrio cholerae MJ-1236
GCA_000022605.2	0.27158760248699165	Blattabacterium sp. (Blattella germanica) str. Bge
GCA_000022645.2	0.6792677080913858	Burkholderia glumae BGR1
GCA_000022725.1	0.38037324014990376	Bartonella grahamii as4aup
GCA_000022785.1	0.2900022669780463	Rickettsia prowazekii str. Rp22
GCA_000022805.1	0.47629444233669277	Yersinia pestis D106004
GCA_000022885.2	0.5743688654174999	Edwardsiella ictaluri 93-146
GCA_000022905.1	0.6055882004493431	Corynebacterium aurimucosum ATCC 700975
GCA_000022985.1	0.42230964944326393	Aggregatibacter aphrophilus NJ8700
GCA_000023025.1	0.5089069083178642	Teredinibacter turnerae T7901
GCA_000023045.1	0.4846256285636664	Exiguobacterium sp. AT1b
GCA_000023065.1	0.4902701933458781	Tolumonas auensis DSM 9187
GCA_000023085.1	0.4466094348661999	Lactobacillus plantarum JDM1
GCA_000023105.1	0.731165816375156	Beutenbergia cavernae DSM 12333
GCA_000023125.1	0.5154499489795186	Dyadobacter fermentans DSM 18053
GCA_000023145.1	0.5745985375207822	Corynebacterium kroppenstedtii DSM 44385
GCA_000023185.1	0.607699765520168	Rhizobium leguminosarum bv. trifolii WSM1325
GCA_000023205.1	0.7299524968443847	Micrococcus luteus NCTC 2665
GCA_000023225.1	0.5864699871178244	Desulfomicrobium baculatum DSM 4028
GCA_000023245.1	0.7370887317195238	Actinosynnema mirum DSM 43827
GCA_000023265.1	0.6828933205508219	Acidimicrobium ferrooxidans DSM 10331
GCA_000023285.1	0.39587971334806776	Capnocytophaga ochracea DSM 7271
GCA_000023325.1	0.41545988360324326	Kosmotoga olearia TBF 19.5.1
GCA_000023405.1	0.7204577492840925	Brachybacterium faecium DSM 4810
GCA_000023445.1	0.4709275179277956	Desulfovibrio salexigens DSM 2638
GCA_000023465.1	0.3621845303223147	Zunongwangia profunda SM-A87
GCA_000023585.1	0.5027813771324147	Paenibacillus sp. JDR-2
GCA_000023605.1	0.5193175366287656	Pectobacterium carotovorum subsp. carotovorum PC1
GCA_000023705.1	0.4551019206537995	Methylotenera mobilis JLW8
GCA_000023725.1	0.4269277024212628	Flavobacteriaceae bacterium 3519-10
GCA_000023765.2	0.36468572378369923	Candidatus Liberibacter asiaticus str. psy62
GCA_000023785.1	0.451897876735043	Hirschia baltica ATCC 49814
GCA_000023805.1	0.3894090230529071	Helicobacter pylori 52
GCA_000023825.1	0.42048886254415435	Pedobacter heparinus DSM 2366
GCA_000023845.1	0.5091154429090298	Cryptobacterium curtum DSM 15641
GCA_000023865.1	0.6731513626217375	Saccharomonospora viridis DSM 43017
GCA_000023885.1	0.6021159935520521	Slackia heliotrinireducens DSM 20476
GCA_000023905.1	0.29645686057405674	Leptotrichia buccalis C-1013-b
GCA_000023925.1	0.7162753355087784	Kytococcus sedentarius DSM 20547
GCA_000024005.1	0.45227118022356333	Chitinophaga pinensis DSM 2588
GCA_000024025.1	0.697670815078113	Catenulispora acidiphila DSM 44928
GCA_000024065.1	0.5841668345670679	Jonesia denitrificans DSM 20603
GCA_000024085.1	0.436871005756164	Kangiella koreensis DSM 16069
GCA_000024105.1	0.356389091944344	Anaerococcus prevotii DSM 20548
GCA_000024125.1	0.5529329254078098	Robiginitalea biformata HTCC2501
GCA_000024205.1	0.41554844835384536	Desulfotomaculum acetoxidans DSM 771
GCA_000024225.1	0.45686599019953944	Atopobium parvulum DSM 20469
GCA_000024265.1	0.6420459989097697	Eggerthella lenta DSM 2243
GCA_000024285.1	0.6189208799614185	Alicyclobacillus acidocaldarius subsp. acidocaldarius DSM 446
GCA_000024325.1	0.573307987064742	Desulfohalobium retbaense DSM 5692
GCA_000024345.1	0.705679064337855	Kribbella flavida DSM 17836
GCA_000024365.1	0.7091646318382363	Nakamurella multipartita DSM 44233
GCA_000024405.1	0.3337568118752299	Sebaldella termitidis ATCC 33386
GCA_000024425.1	0.6338438273719377	Meiothermus ruber DSM 1279
GCA_000024445.1	0.5853673523961971	Bifidobacterium dentium Bd1
GCA_000024465.1	0.4885370653710677	Candidatus Puniceispirillum marinum IMCC1322
GCA_000024505.1	0.49984918868484246	Anaplasma centrale str. Israel
GCA_000024525.1	0.5014894141716104	Spirosoma linguale DSM 74
GCA_000024545.1	0.6813393500923839	Stackebrandtia nassauensis DSM 44728
GCA_000024565.1	0.26279702141900935	Streptobacillus moniliformis DSM 12112
GCA_000024605.1	0.5946514410539867	Ammonifex degensii KC4
GCA_000024645.1	0.5047739959698982	Pectobacterium wasabiae WPP163
GCA_000024665.1	0.48051844632654417	Fibrobacter succinogenes subsp. succinogenes S85
GCA_000024685.1	0.5123945032516974	Paenibacillus sp. Y412MC10
GCA_000024725.1	0.5160588238132228	Nitrosococcus halophilus Nc 4
GCA_000024765.1	0.5471364202678709	Halothiobacillus neapolitanus c2
GCA_000024785.1	0.6704255113220915	Gordonia bronchialis DSM 43247
GCA_000024805.1	0.694833879119411	Haliangium ochraceum DSM 14365
GCA_000024825.1	0.44903571902279904	Vibrio antiquarius
GCA_000024845.1	0.6430390077528901	Rhodothermus marinus DSM 4252
GCA_000024865.1	0.7086310086929788	Streptosporangium roseum DSM 43021
GCA_000024885.1	0.38969827229246545	Sulfurospirillum deleyianum DSM 6946
GCA_000024905.1	0.6379256619243765	Thermanaerovibrio acidaminovorans DSM 6589
GCA_000024925.1	0.7188650620102022	Sanguibacter keddieii DSM 10542
GCA_000024945.1	0.38629275160847637	Veillonella parvula DSM 2008
GCA_000024965.1	0.7245204077904045	Xylanimonas cellulosilytica DSM 15894
GCA_000024985.1	0.6810938252736015	Sphaerobacter thermophilus DSM 20745
GCA_000025005.1	0.5350732416790017	Thermobaculum terrenum ATCC BAA-798
GCA_000025025.1	0.47271380482814535	Dehalococcoides mccartyi VS
GCA_000025045.1	0.3487430444208534	Lactococcus lactis subsp. lactis KF147
GCA_000025065.1	0.5363907559240693	Dickeya zeae Ech586
GCA_000025085.1	0.3386813553889871	Staphylococcus lugdunensis HKU09-01
GCA_000025185.1	0.574646973087856	Pirellula staleyi DSM 6068
GCA_000025205.1	0.4201635318730124	Gardnerella vaginalis 409-05
GCA_000025225.2	0.44211342365171685	Mageeibacillus indolicus UPII9-5
GCA_000025265.1	0.7273342685414229	Conexibacter woesei DSM 14684
GCA_000025305.1	0.5584270371869485	Acidaminococcus fermentans DSM 20731
GCA_000025345.1	0.7398410933815462	Geodermatophilus obscurus DSM 43160
GCA_000025385.1	0.3139589121246466	Mycoplasma gallisepticum str. F
GCA_000025465.1	0.5757809143712427	Klebsiella variicola At-22
GCA_000025485.1	0.6418614069926091	Allochromatium vinosum DSM 180
GCA_000025545.1	0.6553923946485426	Thioalkalivibrio sp. K90mix
GCA_000025565.1	0.545839238621882	Enterobacter cloacae subsp. cloacae ATCC 13047
GCA_000025605.1	0.46930547382773424	Thermocrinis albus DSM 14484
GCA_000025645.1	0.34145009038942725	Thermoanaerobacter italicus Ab9
GCA_000025705.1	0.5754174246318486	Sideroxydans lithotrophicus ES-1
GCA_000025725.1	0.42536630875053577	Denitrovibrio acetiphilus DSM 12809
GCA_000025805.1	0.38131637268617014	Bacillus megaterium DSM 319
GCA_000025845.1	0.26954019236511484	Mycoplasma crocodyli MP145
GCA_000025885.1	0.4530685774758254	Aminobacterium colombiense DSM 12261
GCA_000025905.1	0.5360177947414012	Coraliomargarita akajimensis DSM 45221
GCA_000025925.1	0.47685532961335897	Prevotella ruminicola 23
GCA_000025945.1	0.46631603051015486	Desulfotalea psychrophila LSv54
GCA_000025965.1	0.6469760992372953	Aromatoleum aromaticum EbN1
GCA_000026005.1	0.27478789597422765	Ehrlichia ruminantium str. Welgevonden
GCA_000026025.1	0.3986640766111168	Chlamydia abortus S26/3
GCA_000026065.1	0.4125760547918167	Lactobacillus sakei subsp. sakei 23K
GCA_000026085.1	0.400916610566734	Pseudoalteromonas haloplanktis TAC125
GCA_000026105.1	0.6415972408546422	Pseudomonas entomophila L48
GCA_000026125.1	0.5429492741159014	Herminiimonas arsenicoxydans
GCA_000026145.1	0.6551038699072377	Bradyrhizobium sp. ORS 278
GCA_000026205.1	0.21393720003389025	Candidatus Phytoplasma mali
GCA_000026225.1	0.4991953893538157	Escherichia fergusonii ATCC 35469
GCA_000026405.1	0.3886942730571429	Leuconostoc citreum KM20
GCA_000026525.1	0.4667532226041556	Lactobacillus rhamnosus Lc 705
GCA_000026605.1	0.415324103619385	Streptococcus equi subsp. zooepidemicus
GCA_000026685.1	0.5779752508285474	Mycobacterium leprae Br4923
GCA_000026965.1	0.5142552304010889	Neisseria meningitidis 8013
GCA_000027085.1	0.5455039717810408	Citrobacter rodentium ICC168
GCA_000027145.1	0.37382633051619296	Listeria seeligeri serovar 1/2b str. SLCC3954
GCA_000027165.1	0.39979157844621127	Streptococcus mitis B6
GCA_000027225.1	0.4496762275121181	Xenorhabdus bovienii SS-2004
GCA_000027265.1	0.5338129651845417	Erwinia pyrifoliae Ep1/96
GCA_000027325.1	0.31689123494162835	Mycoplasma genitalium G37
GCA_000043285.1	0.273831880344182	Candidatus Blochmannia floridanus
GCA_000046685.1	0.3879683871848963	Bartonella quintana str. Toulouse
GCA_000046705.1	0.38230348613990234	Bartonella henselae str. Houston-1
GCA_000046845.1	0.4042957010477069	Acinetobacter sp. ADP1
GCA_000055785.1	0.6391185638668967	Chromohalobacter salexigens DSM 3043
GCA_000055945.1	0.3308158048741895	Lawsonia intracellularis PHE/MN1-00
GCA_000058485.1	0.7282808837741169	Frankia alni ACN14a
GCA_000060285.1	0.36352016431366	Listeria welshimeri serovar 6b str. SLCC5334
GCA_000060345.1	0.3661076250538046	Gramella forsetii KT0803
GCA_000061505.1	0.6791644957541522	Azoarcus sp. BH72
GCA_000062885.1	0.7114596048487697	Saccharopolyspora erythraea NRRL 2338
GCA_000063485.1	0.724959406368392	Clavibacter michiganensis subsp. michiganensis NCPPB 382
GCA_000063505.1	0.602360391722786	Synechococcus sp. WH 7803
GCA_000063525.1	0.6084350264482251	Synechococcus sp. RCC307
GCA_000063605.1	0.2970705622505522	Mycoplasma agalactiae PG2
GCA_000064305.2	0.32532997340914604	Flavobacterium psychrophilum JIP02/86
GCA_000067165.1	0.7137573837948303	Sorangium cellulosum So ce56
GCA_000069185.1	0.6414811459248234	Mycobacterium abscessus
GCA_000069925.1	0.2742468683200013	Candidatus Phytoplasma australiense
GCA_000069945.1	0.6418524416695967	Corynebacterium urealyticum DSM 7109
GCA_000069965.1	0.38875849259554207	Proteus mirabilis HI4320
GCA_000070465.1	0.6158258211188679	Bordetella avium 197N
GCA_000085865.1	0.2711824418246437	Mycoplasma hominis ATCC 23114
GCA_000090965.1	0.20200078592158774	Buchnera aphidicola BCc
GCA_000091125.1	0.6484997724222812	Sphingobium japonicum UT26S
GCA_000091305.1	0.7145283211289727	Streptomyces scabiei 87.22
GCA_000091325.1	0.44716367955651015	Shewanella violacea DSS12
GCA_000091465.1	0.43908561077008246	Vibrio tasmaniensis LGP32
GCA_000091545.1	0.6949621677002754	Thermus thermophilus HB8
GCA_000091785.1	0.37132497822927935	Legionella longbeachae NSW150
GCA_000091985.1	0.4246532374118955	Helicobacter mustelae 12198
GCA_000092025.1	0.590411468777063	Agrobacterium fabrum str. C58
GCA_000092045.1	0.6102832856678205	Rhizobium etli CFN 42
GCA_000092105.1	0.5368445729324727	Planctopirus limnophila DSM 3776
GCA_000092125.1	0.6271530326850668	Meiothermus silvanus DSM 9946
GCA_000092205.1	0.6028630983067459	Desulfurivibrio alkaliphilus AHT 2
GCA_000092225.1	0.6839892368369123	Tsukamurella paurometabola DSM 20162
GCA_000092245.1	0.28360850626598605	Arcobacter nitrofigilis DSM 7299
GCA_000092285.1	0.6766689821467464	Caulobacter segnis ATCC 21756
GCA_000092365.1	0.5313324143042282	Arcanobacterium haemolyticum DSM 20595
GCA_000092385.1	0.7075458902611387	Streptomyces bingchenggensis BCW-1
GCA_000092405.1	0.5098939581195057	Syntrophothermus lipocalidus DSM 12680
GCA_000092425.1	0.6813901247639091	Truepera radiovictrix DSM 17093
GCA_000092445.1	0.52494225258867	Geobacillus sp. C56-T3
GCA_000092505.1	0.3790969303740103	Leuconostoc kimchii IMSNU 11154
GCA_000092545.1	0.3847852771028416	Legionella pneumophila str. Corby
GCA_000092645.1	0.7242917381865672	Thermobispora bispora DSM 43833
GCA_000092785.1	0.4373506324156095	Waddlia chondrophila WSU 86-1044
GCA_000092825.1	0.6679128951233038	Segniliparus rotundus DSM 44985
GCA_000092845.1	0.2775143099336049	Brachyspira murdochii DSM 12563
GCA_000092865.1	0.7429362149933341	Cellulomonas flavigena DSM 20109
GCA_000092885.1	0.6326677030835558	Burkholderia sp. CCGE1002
GCA_000092905.1	0.5911413078481644	Kyrpidia tusciae DSM 2912
GCA_000092925.1	0.6788473004222645	Starkeya novella DSM 506
GCA_000092945.1	0.45882455780296294	Thermincola potens JR
GCA_000092985.1	0.7272975826309368	Nocardiopsis dassonvillei subsp. dassonvillei DSM 43111
GCA_000093025.1	0.42635130696686235	Methylotenera versatilis 301
GCA_000093065.1	0.28572459274350787	Candidatus Riesia pediculicola USDA
GCA_000093085.1	0.48669960392341016	[Bacillus] selenitireducens MLS10
GCA_000093165.1	0.28212234675427283	Blattabacterium sp. (Periplaneta americana) str. BPLAN
GCA_000143085.1	0.5013784778403018	Nitrosococcus watsonii C-113
GCA_000143145.1	0.6081241692358468	Hyphomicrobium denitrificans ATCC 51888
GCA_000143165.1	0.5504438159275664	Dehalogenimonas lykanthroporepellens BL-DC-9
GCA_000143225.1	0.6340456378594629	Herbaspirillum seropedicae SmR1
GCA_000143435.1	0.3302462698634021	Lactobacillus salivarius CECT 5713
GCA_000143685.1	0.31105934797891605	Clostridium ljungdahlii DSM 13528
GCA_000143725.1	0.2789699985655976	Brachyspira pilosicoli 95/1000
GCA_000143845.1	0.6469752852971106	Olsenella uli DSM 7084
GCA_000143865.1	0.23951003846514682	Mycoplasma mycoides subsp. mycoides SC str. Gladysdale
GCA_000143945.1	0.40003674077288776	Mycoplasma pneumoniae FH
GCA_000143965.1	0.657034940481124	Desulfarculus baarsii DSM 2075
GCA_000143985.1	0.4896514158879408	Spirochaeta smaragdinae DSM 11293
GCA_000144405.1	0.40983315247822005	Prevotella melaninogenica ATCC 25845
GCA_000144605.1	0.6842270096651547	Brevundimonas subvibrioides ATCC 15264
GCA_000144625.1	0.4500474064154895	[Clostridium] saccharolyticum WM1
GCA_000144645.1	0.46820114603503893	Thermosediminibacter oceani DSM 16646
GCA_000144675.1	0.5218919443623594	Corynebacterium pseudotuberculosis C231
GCA_000144695.1	0.36631295159208227	Acetohalobium arabaticum DSM 5501
GCA_000145035.1	0.40008449725156914	Butyrivibrio proteoclasticus B316
GCA_000145215.1	0.35243290502116026	Caldicellulosiruptor obsidiansis OB47
GCA_000145235.1	0.7282213415331079	Micromonospora aurantiaca ATCC 27029
GCA_000145255.1	0.527548236805966	Gallionella capsiferriformans ES-2
GCA_000145275.1	0.3120940165580243	Clostridium cellulovorans 743B
GCA_000145615.1	0.34112512528035516	Thermoanaerobacterium thermosaccharolyticum DSM 571
GCA_000145705.1	0.25883529951227646	Mycoplasma hyorhinis HUB-1
GCA_000146025.1	0.35184185552469593	uncultured Termite group 1 bacterium phylotype Rs-D17
GCA_000146165.2	0.45889380241243355	Shewanella oneidensis MR-1
GCA_000146185.1	0.37571100262097507	[Eubacterium] eligens ATCC 27750
GCA_000147055.1	0.5629663019402061	Dickeya dadantii 3937
GCA_000147075.1	0.6187746320236023	Spirochaeta thermophila DSM 6192
GCA_000147335.1	0.39895814152299913	Cyanothece sp. PCC 7822
GCA_000147355.1	0.35235774879969234	Sulfurimonas autotrophica DSM 16294
GCA_000147695.3	0.3434157158778854	Thermoanaerobacter wiegelii Rt8.B1
GCA_000147715.3	0.45448903258888834	Mesotoga prima MesG1.Ag.4.2
GCA_000147775.3	0.6204102863177473	Sinorhizobium meliloti BL225C
GCA_000147815.3	0.708763616177782	Streptomyces violaceusniger Tu 4113
GCA_000148625.1	0.2694606674216361	Mycoplasma fermentans JER
GCA_000148645.1	0.6021947303196726	Ferrimonas balearica DSM 9799
GCA_000148855.1	0.38899068182503543	Helicobacter pylori SJM180
GCA_000148935.1	0.551275434273633	Pantoea vagans C9-1
GCA_000152245.2	0.47497502146891135	Eubacterium limosum KIST612
GCA_000152825.2	0.6065609859703726	Parvularcula bermudensis HTCC2503
GCA_000152925.3	0.38160626280072235	Dokdonia sp. MED134
GCA_000152945.2	0.30588450210942253	Polaribacter sp. MED152
GCA_000153165.2	0.36977445412770044	Maribacter sp. HTCC2170
GCA_000153685.2	0.6563001335685301	Mycobacterium tuberculosis str. Haarlem
GCA_000154605.2	0.6561180417901762	Mycobacterium tuberculosis KZN 605
GCA_000158275.2	0.2695676939287494	Fusobacterium nucleatum subsp. animalis 7_1
GCA_000159155.2	0.4136312112034066	Gardnerella vaginalis ATCC 14019
GCA_000159455.2	0.39035029223031226	Lactobacillus reuteri SD2112
GCA_000163055.2	0.3749734403808619	Prevotella sp. oral taxon 299 str. F0039
GCA_000163895.2	0.3544550732983534	Filifactor alocis ATCC 35896
GCA_000164675.2	0.4172447544914406	Streptococcus parasanguinis ATCC 15912
GCA_000164695.2	0.5368769266068775	Rothia dentocariosa ATCC 17931
GCA_000164865.1	0.5701809433181922	Enterobacter lignolyticus SCF1
GCA_000164885.1	0.6176084203765717	Ketogulonicigenium vulgare Y25
GCA_000164985.2	0.44614242824007655	Paenibacillus polymyxa SC2
GCA_000165465.1	0.3029361761463186	Halanaerobium praevalens DSM 2228
GCA_000165485.1	0.6745864534737986	Stigmatella aurantiaca DW4/3-1
GCA_000165505.1	0.3436548826203248	Ilyobacter polytropus DSM 2926
GCA_000165715.3	0.5644863768233687	Rubinisphaera brasiliensis DSM 5305
GCA_000165835.1	0.6577899120359889	Achromobacter xylosoxidans A8
GCA_000165905.1	0.6266643668362039	Bifidobacterium bifidum PRL2010
GCA_000165925.1	0.4321929070745485	Bacillus atrophaeus 1942
GCA_000166055.1	0.6224843185985494	Rhodomicrobium vannielii ATCC 17100
GCA_000166135.1	0.7231400144808497	Frankia sp. EuI1c
GCA_000166295.1	0.5685985306526073	Marinobacter adhaerens HP15
GCA_000166335.1	0.3543879685602924	Caldicellulosiruptor owensensis OL
GCA_000166355.1	0.3611483262568413	Caldicellulosiruptor hydrothermalis 108
GCA_000166395.1	0.4041362648482518	Leadbetterella byssophila DSM 17132
GCA_000166415.1	0.3316135481113169	Halanaerobium hydrogeniformans
GCA_000166455.2	0.4750334744245587	Vibrio cholerae O1 str. 2010EL-1786
GCA_000166695.1	0.360957564524952	Caldicellulosiruptor kristjanssonii I77R1B
GCA_000166775.1	0.35095866951967186	Caldicellulosiruptor kronotskyensis 2002
GCA_000168635.2	0.37862777223789384	Listeria monocytogenes J0161
GCA_000172575.2	0.37752612127572205	Enterococcus faecalis OG1RF
GCA_000175215.2	0.5950808303796716	Asticcacaulis excentricus CB 48
GCA_000175575.2	0.6141375962504185	Acidithiobacillus caldus ATCC 51756
GCA_000175935.2	0.5433243943281434	Pantoea sp. At-9b
GCA_000176035.2	0.6286745886813808	Mesorhizobium opportunistum WSM2075
GCA_000176855.2	0.6882101430637868	Acidovorax avenae subsp. avenae ATCC 19860
GCA_000176915.2	0.6256196768958993	Desulfovibrio aespoeensis Aspo-2
GCA_000177235.2	0.3652195198638435	Bacillus cellulosilyticus DSM 2522
GCA_000177535.2	0.5709190481261179	Corynebacterium resistens DSM 45100
GCA_000177615.2	0.7000396368537737	Frankia symbiont of Datisca glomerata
GCA_000177635.2	0.5610872507194258	Desulfurispirillum indicum S5
GCA_000178115.2	0.555585100725393	Ethanoligenens harbinense YUAN-3
GCA_000178395.2	0.4393409973927041	Geobacillus thermoglucosidasius C56-YS93
GCA_000178835.2	0.3432464256676107	Clostridium lentocellum DSM 5427
GCA_000178975.2	0.5997651882708961	Granulicella tundricola MP5ACTX9
GCA_000179015.2	0.6796865322652523	Alicycliphilus denitrificans BC
GCA_000179035.2	0.3107615387827286	Mycoplasma suis str. Illinois
GCA_000179395.2	0.6714591610212272	Corynebacterium variabile DSM 44702
GCA_000179635.2	0.4361530688717109	Ruminococcus albus 7 = DSM 20455
GCA_000179915.2	0.5733545479631326	Terriglobus saanensis SP1PR4
GCA_000180175.2	0.5684289947536728	Plautia stali symbiont
GCA_000182835.1	0.4954342825622802	Lactobacillus delbrueckii subsp. bulgaricus ND02
GCA_000182875.1	0.39047921093873245	Streptococcus thermophilus ND03
GCA_000183115.1	0.5543805860205682	Methylovorus sp. MP688
GCA_000183135.1	0.3885666655089779	Paludibacter propionicigenes WB4
GCA_000183155.1	0.35010099200926537	Riemerella anatipestifer ATCC 11845 = DSM 15868
GCA_000183285.1	0.26286394604466773	Buchnera aphidicola str. JF99 (Acyrthosiphon pisum)
GCA_000183365.1	0.23750509192220434	Mycoplasma leachii PG50
GCA_000183405.1	0.3562844453908593	Calditerrivibrio nitroreducens DSM 19672
GCA_000183425.1	0.3551676191024446	Marivirga tractuosa DSM 4126
GCA_000183665.1	0.352409684036186	Candidatus Liberibacter solanacearum CLso-ZC1
GCA_000183725.1	0.44564061947458233	Sulfuricurvum kujiense DSM 16994
GCA_000183745.1	0.6981475354928953	Oceanithermus profundus DSM 14977
GCA_000184065.1	0.40279383832907634	Pseudoalteromonas sp. SM9913
GCA_000184085.1	0.3055080272733018	Campylobacter jejuni subsp. jejuni ICDCCJ07001
GCA_000184325.1	0.5067242181690372	Vibrio furnissii NCTC 11218
GCA_000184345.2	0.6091831099021882	Spirochaeta thermophila DSM 6578
GCA_000184435.1	0.6776140647921634	Mycobacterium gilvum Spyr1
GCA_000184685.1	0.7070365089596365	Intrasporangium calvum DSM 43043
GCA_000184705.1	0.7248208595927298	Thermaerobacter marianensis DSM 12885
GCA_000184745.1	0.6647972170008928	Variovorax paradoxus EPS
GCA_000184925.1	0.3914809529037216	Ruminiclostridium thermocellum DSM 1313
GCA_000185245.1	0.3842476729760428	Helicobacter pylori SouthAfrica7
GCA_000185745.1	0.3741865484179119	Taylorella equigenitalis MCE9
GCA_000185805.1	0.5212977813342912	Thermovibrio ammonificans HB-1
GCA_000185905.1	0.6256172619905328	Mesorhizobium ciceri biovar biserrulae WSM1271
GCA_000185965.1	0.7021069309038859	Pseudoxanthomonas suwonensis 11-1
GCA_000185985.2	0.2750818242836483	Candidatus Blochmannia vafer str. BVAF
GCA_000186225.1	0.44717455224003766	Bacteroides helcogenes P 36-108
GCA_000186245.1	0.5391191580390094	Nitratifractor salsuginis DSM 16511
GCA_000186265.1	0.33766178506339456	Cellulophaga algicola DSM 14237
GCA_000186345.1	0.6249046896318234	Isosphaera pallida ATCC 43644
GCA_000186385.1	0.6982501221941787	Deinococcus maricopensis DSM 21211
GCA_000186585.1	0.46931367427564535	Vibrio vulnificus MO6-24/O
GCA_000186745.1	0.4384730893279972	Bacillus subtilis BSn5
GCA_000186885.1	0.5892757515896828	Desulfobulbus propionicus DSM 2032
GCA_000187005.1	0.6488880283765274	Thermus scotoductus SA-01
GCA_000187705.1	0.5221988610415065	Rahnella sp. Y9602
GCA_000189415.1	0.3592171244996599	Weeksella virosa DSM 16922
GCA_000189495.1	0.37647421522920316	Staphylococcus pseudintermedius ED99
GCA_000189535.1	0.6536685393753914	Pseudarthrobacter phenanthrenivorans Sphe3
GCA_000189775.3	0.34975840035227856	Thermoanaerobacterium xylanolyticum LX-11
GCA_000190435.1	0.48874343955282523	Sphaerochaeta globosa str. Buddy
GCA_000190535.1	0.4335854115212846	Odoribacter splanchnicus DSM 20712
GCA_000190555.1	0.6563905951013497	Deinococcus proteolyticus MRP
GCA_000190575.1	0.46490709531007646	Bacteroides salanitronis DSM 18170
GCA_000190595.1	0.3211090151293065	Cellulophaga lytica DSM 7489
GCA_000190635.1	0.46350190020427157	Syntrophobotulus glycolicus DSM 8271
GCA_000191045.1	0.3494858518464715	Desulfurobacterium thermolithotrophum DSM 11699
GCA_000191145.1	0.3882403502367619	Acinetobacter pittii PHEA-2
GCA_000191565.1	0.35006628557079444	Riemerella anatipestifer RA-GD
GCA_000191905.1	0.3092543825047323	Clostridium acetobutylicum EA 2018
GCA_000191925.1	0.39022448060610015	Chlamydia psittaci 6BC
GCA_000192335.1	0.3929347492244848	Helicobacter pylori 2018
GCA_000192635.1	0.585410772242127	Agrobacterium sp. H13-3
GCA_000192745.1	0.6713464377660939	Polymorphum gilvum SL003B-26A1
GCA_000192865.1	0.4412748841026096	Marinomonas mediterranea MMB-1
GCA_000193205.1	0.41882887532472773	Aerococcus urinae ACS-120-V-Col10a
GCA_000193355.1	0.3509909529112442	Bacillus thuringiensis serovar chinensis CT-43
GCA_000194115.1	0.38032974775515693	Lactobacillus amylovorus GRL1118
GCA_000194135.1	0.3747425387888553	Hippea maritima DSM 10411
GCA_000194605.1	0.364946778698185	Fluviicola taffensis DSM 16823
GCA_000194745.1	0.6739746444521993	Burkholderia gladioli BSR3
GCA_000194805.1	0.6078932109431077	Pseudomonas brassicacearum subsp. brassicacearum NFM421
GCA_000195065.1	0.4798980398345421	Vibrio cholerae LMA3984-4
GCA_000195275.1	0.3913454187770175	Treponema succinifaciens DSM 2489
GCA_000195295.1	0.5289111833046157	Desulfobacca acetoxidans DSM 11109
GCA_000195315.1	0.603934619633111	Coriobacterium glomerans PW2
GCA_000195335.1	0.6807581813061797	Marinithermus hydrothermalis DSM 14884
GCA_000195555.1	0.32323691339683647	Francisella cf. tularensis subsp. novicida 3523
GCA_000195575.1	0.35182444024146875	Carnobacterium sp. 17-4
GCA_000195675.1	0.6807702083035613	Bordetella bronchiseptica RB50
GCA_000195755.1	0.6327891297451287	Desulfovibrio vulgaris str. Hildenborough
GCA_000195775.1	0.6503107373565195	Rhodopseudomonas palustris CGA009
GCA_000195795.1	0.3738815879018969	Listeria innocua Clip11262
GCA_000195815.1	0.5347851332155981	Corynebacterium diphtheriae NCTC 13129
GCA_000195975.1	0.594126012352799	Synechococcus sp. WH 8102
GCA_000196015.1	0.6353099046598524	Cupriavidus metallidurans CH34
GCA_000196055.1	0.35627417775838405	Streptococcus agalactiae NEM316
GCA_000196095.1	0.45373235742203	Vibrio parahaemolyticus RIMD 2210633
GCA_000196155.1	0.4282535713300101	Photorhabdus luminescens subsp. laumondii TTO1
GCA_000196215.1	0.2812696952318034	Borreliella bavariensis PBi
GCA_000196235.1	0.6538845055633808	Arthrobacter sp. FB24
GCA_000196275.1	0.6647199568095886	Deinococcus geothermalis DSM 11300
GCA_000196295.1	0.5227500961449262	Neisseria lactamica 020-06
GCA_000196355.1	0.5387713418847735	Nitrosospira multiformis ATCC 25196
GCA_000196395.1	0.5818095535871582	Aeromonas salmonicida subsp. salmonicida A449
GCA_000196435.1	0.388222240051105	Bartonella tribocorum CIP 105476
GCA_000196455.1	0.3329972332506341	[Clostridium] sticklandii
GCA_000196495.1	0.3896924151876244	Aliivibrio salmonicida LFI1238
GCA_000196515.1	0.38373666755071184	'Nostoc azollae' 0708
GCA_000196535.1	0.5541328127911744	Mobiluncus curtisii ATCC 43063
GCA_000196595.1	0.3983541525834318	Streptococcus pneumoniae TCH8431/19A
GCA_000196615.1	0.5504112974259661	Erwinia billingiae Eb661
GCA_000196675.1	0.7321786766108218	Pseudonocardia dioxanivorans CB1190
GCA_000196695.1	0.6882484627724229	Rhodococcus equi 103S
GCA_000196735.1	0.4608234412399983	Bacillus amyloliquefaciens DSM 7
GCA_000196795.1	0.38732073334339945	Acinetobacter oleivorans DR1
GCA_000196815.1	0.5902659272476346	Nitrospira defluvii
GCA_000196835.1	0.7129279265858237	Amycolatopsis mediterranei U32
GCA_000196875.1	0.6360846389920853	Halomonas elongata DSM 2581
GCA_000197735.1	0.5927175084835047	Glutamicibacter arilaitensis Re117
GCA_000198515.1	0.5325857147372562	gamma proteobacterium HdN1
GCA_000198775.1	0.6070829139979872	Paraburkholderia rhizoxinica HKI 454
GCA_000199675.1	0.5384967293987223	Anaerolinea thermophila UNI-1
GCA_000200595.1	0.44508632852667573	Helicobacter felis ATCC 49179
GCA_000200735.1	0.3885138403795481	Mycoplasma haemofelis str. Langford 1
GCA_000202635.1	0.7027840545811512	Microbacterium testaceum StLB037
GCA_000203195.1	0.37645109398899196	Streptococcus gallolyticus subsp. gallolyticus ATCC BAA-2069
GCA_000203215.1	0.3107716384451619	Mycoplasma suis KI3806
GCA_000203835.1	0.7199836728329038	Streptomyces coelicolor A3(2)
GCA_000203895.1	0.6679930117180533	Paracoccus denitrificans PD1222
GCA_000204075.1	0.4140974804637145	Anabaena variabilis ATCC 29413
GCA_000204115.1	0.5871903383794878	Aeromonas veronii B565
GCA_000204135.1	0.410760470332138	Chlamydophila pecorum E58
GCA_000204155.1	0.7084991082503957	Verrucosispora maris AB-18-032
GCA_000204295.1	0.6250793792747729	Pseudomonas mendocina NK-01
GCA_000204565.1	0.2823237127177374	Clostridium botulinum BKT015925
GCA_000204985.1	0.34781284232346155	Lactobacillus johnsonii DPC 6026
GCA_000208385.1	0.5055803090384036	Sphaerochaeta coccoides DSM 17374
GCA_000209655.1	0.5691055108400151	Pusillimonas sp. T7-7
GCA_000209675.1	0.39866754611048405	Gallibacterium anatis UMN179
GCA_000210495.1	0.4130628025994425	Chlamydia trachomatis Sweden2
GCA_000210515.1	0.5148950173480703	Lactobacillus fermentum CECT 5716
GCA_000210895.1	0.39571847858640313	Haemophilus parainfluenzae T3T1
GCA_000211295.1	0.258765422575867	Mycoplasma hyorhinis MCLD
GCA_000211855.3	0.30823216535079523	Lacinutrix sp. 5H-3-7-4
GCA_000212375.1	0.5246824645416832	Porphyromonas asaccharolytica DSM 20707
GCA_000212395.1	0.3386623061671051	Thermodesulfobium narugense DSM 14796
GCA_000212415.1	0.5147294458007973	Treponema brennaborense DSM 12168
GCA_000212735.1	0.47103071018215387	Haliscomenobacter hydrossis DSM 1100
GCA_000213155.1	0.6002761189572421	Propionibacterium acnes 266
GCA_000213235.1	0.3753430871849984	Tepidanaerobacter acetatoxydans Re1
GCA_000213255.1	0.4345191857580361	Mahella australiensis 50-1 BON
GCA_000213655.1	0.43506790224265246	Alteromonas sp. SN2
GCA_000213805.1	0.6351167876403058	Pseudomonas fulva 12-X
GCA_000213825.1	0.3554781571976508	Streptococcus parauberis KCTC 11537
GCA_000214095.3	0.5659431242268247	Acidithiobacillus ferrivorans SS3
GCA_000214155.1	0.6837222213129793	Mycobacterium sinense
GCA_000214175.1	0.6224172353597931	Amycolicicoccus subflavus DQS3-9A1
GCA_000214215.1	0.4428514284835151	Marinomonas posidonica IVIA-Po-181
GCA_000214355.1	0.4979758334563127	Treponema azotonutricium ZAS-9
GCA_000214375.1	0.508375274362436	Treponema primitia ZAS-2
GCA_000214785.1	0.3735582527076303	Lactobacillus kefiranofaciens ZW3
GCA_000214825.1	0.4698024016083169	Thioalkalimicrobium cyclicum ALM1
GCA_000214845.1	0.6861824735468974	Thermus thermophilus SG0.5JP17-16
GCA_000215085.1	0.472430432344154	Desulfotomaculum ruminis DSM 2154
GCA_000215105.1	0.738877299908699	Isoptericola variabilis 225
GCA_000215325.1	0.6667108020366601	Ralstonia solanacearum Po82
GCA_000215645.1	0.5330273231032395	Corynebacterium ulcerans 809
GCA_000215705.1	0.6999670531593957	Ramlibacter tataouinensis TTB310
GCA_000215745.1	0.5484709438713237	Enterobacter aerogenes KCTC 2190
GCA_000217635.1	0.2303197168062033	Buchnera aphidicola (Cinara tujafilina)
GCA_000217675.1	0.44511801462966805	Vibrio anguillarum 775
GCA_000217795.1	0.42425450774774526	Thermodesulfatator indicus DSM 15286
GCA_000217815.1	0.4032406787836719	Pseudothermotoga thermarum DSM 5069
GCA_000217835.1	0.4729206352718675	Bacillus coagulans 2-6
GCA_000218305.1	0.38193069398416685	Listeria monocytogenes M7
GCA_000218545.1	0.7381288953934009	Cellulomonas gilvus ATCC 13127
GCA_000218585.1	0.6236155749913211	Oligotropha carboxidovorans OM4
GCA_000218625.1	0.3829426222695412	Flexistipes sinusarabici DSM 4947
GCA_000218875.1	0.4403605682121923	Zymomonas mobilis subsp. pomaceae ATCC 29192
GCA_000218895.1	0.46423263107558116	Runella slithyformis DSM 19594
GCA_000218915.1	0.5838323529537371	Paenibacillus mucilaginosus KNP414
GCA_000219045.1	0.32865946832186355	Francisella sp. TX077308
GCA_000219105.1	0.7062512710203582	Myxococcus fulvus HW-1
GCA_000219175.1	0.43518783415754214	Candidatus Moranella endobia PCIT
GCA_000219215.1	0.6546828934858824	Cupriavidus necator N-1
GCA_000219355.1	0.3655354421439988	Candidatus Midichloria mitochondrii IricVA
GCA_000219375.1	0.29288908576973377	Mycoplasma bovis Hubei-1
GCA_000219705.1	0.623224206697311	Pseudomonas putida S16
GCA_000219765.1	0.4164550327048297	Streptococcus equi subsp. zooepidemicus ATCC 35246
GCA_000219805.1	0.3549917792253741	Weissella koreensis KACC 15510
GCA_000219855.1	0.5676209715797957	Sulfobacillus acidophilus TPY
GCA_000219875.1	0.6152330858547996	Alicyclobacillus acidocaldarius subsp. acidocaldarius Tc-4-1
GCA_000220135.1	0.5873316536535512	Bifidobacterium breve UCC2003
GCA_000220485.1	0.5727747575431824	Klebsiella pneumoniae KCTC 2242
GCA_000220625.1	0.36109428071646404	Capnocytophaga canimorsus Cc5
GCA_000220945.1	0.7129176081656153	Amycolatopsis mediterranei S699
GCA_000220965.1	0.5883136233094126	Candidatus Tremblaya princeps PCVAL
GCA_000221045.1	0.5955614241985899	Collimonas fungivorans Ter331
GCA_000221645.1	0.4582099475452268	Bacillus amyloliquefaciens XH7
GCA_000221965.1	0.6528747793558425	Xanthomonas campestris pv. raphani 756C
GCA_000221985.1	0.39790695153357525	Streptococcus pseudopneumoniae IS7493
GCA_000222305.1	0.28335315363716235	Borreliella bissettii DN127
GCA_000222485.1	0.38146067533123845	Cyclobacterium marinum DSM 745
GCA_000222975.1	0.4763068350989211	Yersinia pestis A1122
GCA_000223215.1	0.2721254346974409	Brachyspira intermedia PWS/A
GCA_000223375.1	0.6172652650209026	Ketogulonicigenium vulgare WSH-001
GCA_000224005.3	0.678640908234527	Marichromatium purpuratum 984
GCA_000224085.1	0.4135797681774672	Muricauda ruestringensis DSM 13258
GCA_000224105.1	0.26939249558312905	Mycoplasma putrefaciens KS1
GCA_000224555.1	0.38823149199429696	Helicobacter pylori Puno135
GCA_000224575.1	0.38995362639136344	Helicobacter pylori SNT49
GCA_000224745.1	0.6426669450008128	Rhodothermus marinus SG0.5JP17-172
GCA_000224965.2	0.6048288879042063	Bifidobacterium animalis subsp. lactis BLC1
GCA_000225265.1	0.38187700161133775	Bacillus megaterium WSH-002
GCA_000225325.1	0.34845722758891384	Lactobacillus sanfranciscensis TMW 1.1304
GCA_000225345.1	0.48496836830566864	Roseburia hominis A2-183
GCA_000225445.1	0.25669488061504264	Buchnera aphidicola str. Ak (Acyrthosiphon kondoi)
GCA_000225465.1	0.24180472105396422	Buchnera aphidicola str. Ua (Uroleucon ambrosiae)
GCA_000225915.1	0.6491992199649359	Xanthomonas axonopodis pv. citrumelo F1
GCA_000225955.1	0.6544743239660596	Rhodospirillum rubrum F11
GCA_000226155.1	0.6650427624082731	Pseudomonas aeruginosa M18
GCA_000226275.1	0.39078868055662885	Acinetobacter baumannii MDR-ZJ06
GCA_000226295.1	0.6133783012914532	Chloracidobacterium thermophilum B
GCA_000226315.1	0.5471298554422008	Micavibrio aeruginosavorus ARL-13
GCA_000226565.1	0.42298624483549413	Glaciecola nitratireducens FR1064
GCA_000226605.1	0.4126787639545696	Chlamydia trachomatis A2497
GCA_000226625.1	0.3831331668856607	Taylorella asinigenitalis MCE3
GCA_000227465.1	0.4382347781980604	Bacillus subtilis subsp. spizizenii TU-B-10
GCA_000227485.1	0.4386657055375593	Bacillus subtilis subsp. subtilis str. RO-NN-1
GCA_000227625.1	0.5053517290051237	Escherichia coli O7:K1 str. CE10
GCA_000227665.3	0.4591219532987793	Thioalkalimicrobium aerophilum AL3
GCA_000227685.3	0.6654736074920496	Thioalkalivibrio paradoxus ARh 1
GCA_000227705.3	0.6011640387783332	Thermobacillus composti KWC4
GCA_000227745.3	0.6260696729227073	Thiocystis violascens DSM 198
GCA_000230275.1	0.5002060082041511	Acidaminococcus intestini RyC-MR95
GCA_000230555.1	0.6136407549772885	Pelagibacterium halotolerans B2
GCA_000230695.3	0.6745425974265706	Rhodanobacter denitrificans
GCA_000230895.3	0.6549052260386528	Mycobacterium rhodesiae NBB3
GCA_000230975.3	0.5970083653500537	Hyphomicrobium denitrificans 1NES1
GCA_000230995.3	0.6284365185321136	Mesorhizobium australicum WSM2073
GCA_000231175.1	0.35027896179911777	Leptospira interrogans serovar Lai str. IPAV
GCA_000231385.3	0.41784077247732515	Desulfosporosinus meridiei DSM 13257
GCA_000231405.3	0.4189283432717069	Desulfitobacterium metallireducens DSM 15288
GCA_000231885.1	0.409884297611744	Streptococcus suis D9
GCA_000231925.1	0.41416030213520877	Streptococcus suis ST1
GCA_000233435.1	0.27502367315963416	Blattabacterium sp. (Mastotermes darwiniensis) str. MADAR
GCA_000233595.1	0.535754431101197	Pantoea ananatis PA13
GCA_000233715.3	0.45490965042120024	Desulfotomaculum gibsoniae DSM 7213
GCA_000233755.1	0.46763461887304125	Lactobacillus rhamnosus ATCC 8530
GCA_000233775.1	0.4706127984653284	Thermovirga lienii DSM 17291
GCA_000233895.1	0.5055932594287139	Escherichia coli str. 'clone D i14'
GCA_000233915.4	0.6765272896528194	Pseudoxanthomonas spadix BD-a59
GCA_000234725.1	0.6565567545301748	Mycobacterium bovis BCG str. Mexico
GCA_000234825.3	0.3765610895169242	Leuconostoc mesenteroides subsp. mesenteroides J18
GCA_000235405.3	0.3887534094879894	Fervidobacterium pennivorans DSM 9078
GCA_000235545.1	0.5220922465513947	Salmonella enterica subsp. enterica serovar Gallinarum/pullorum str. RKS5078
GCA_000235585.1	0.4677005192002163	Paenibacillus terrae HPL-003
GCA_000235605.1	0.4285489148111718	Desulfosporosinus orientis DSM 765
GCA_000236065.1	0.632606789412045	Burkholderia sp. YI23
GCA_000236405.1	0.23888175260556369	Blattabacterium sp. (Cryptocercus punctulatus) str. Cpu
GCA_000236585.1	0.6857933419571918	Thermus sp. CCB_US3_UF1
GCA_000236605.1	0.522752195116526	Geobacillus thermoleovorans CCB_US3_UF5
GCA_000236665.1	0.653676404919385	Dechlorosoma suillum PS
GCA_000236685.1	0.46197296297007984	Sphaerochaeta pleomorpha str. Grapes
GCA_000237065.1	0.607839923620679	Pseudomonas fluorescens F113
GCA_000237085.1	0.35717170463227677	[Clostridium] clariflavum DSM 19732
GCA_000237145.1	0.7131723228004434	Actinoplanes sp. SE50/110
GCA_000237205.1	0.4160178335263599	Simkania negevensis Z
GCA_000237305.1	0.7301474577923679	Streptomyces cattleya NRRL 8057 = DSM 46488
GCA_000237995.2	0.37016858256523044	Pediococcus claussenii ATCC BAA-344
GCA_000238175.1	0.5722028878598869	Brucella abortus A13334
GCA_000238215.1	0.46975954633666916	Tannerella forsythia 92A2
GCA_000238975.1	0.29226243997356427	Serratia symbiotica str. 'Cinara cedri'
GCA_000238995.1	0.3533356811798363	Mycoplasma haemocanis str. Illinois
GCA_000239175.1	0.38172454999973204	Legionella pneumophila subsp. pneumophila ATCC 43290
GCA_000239975.1	0.5454190010151955	Enterobacter cloacae EcWSU1
GCA_000240055.1	0.6003359258129813	Propionibacterium acnes TypeIA2 P.acn31
GCA_000240075.2	0.31464518446562645	Flavobacterium columnare ATCC 49512
GCA_000240185.2	0.5712153537260567	Klebsiella pneumoniae subsp. pneumoniae HS11286
GCA_000240325.1	0.5604856825487587	Klebsiella oxytoca KCTC 1686
GCA_000241025.2	0.44422864978320437	Aggregatibacter actinomycetemcomitans ANH9381
GCA_000241385.1	0.4486423655597668	Vibrio sp. EJY3
GCA_000242255.3	0.6339579925726899	Frateuria aurantia DSM 6220
GCA_000242455.3	0.6223351182069615	Singulisphaera acidiphila DSM 18658
GCA_000242595.3	0.5776615218869975	Spirochaeta africana DSM 8902
GCA_000242635.3	0.37308540121247913	Solitalea canadensis DSM 3403
GCA_000242895.3	0.3795415401854223	Bacillus sp. 1NLA3E
GCA_000242935.3	0.6344627216648672	Opitutaceae bacterium TAV5
GCA_000243075.1	0.610792338378728	Oceanimonas sp. GK1
GCA_000243115.3	0.4523746722349209	Niabella soli DSM 19437
GCA_000243135.3	0.4421792112401085	Desulfitobacterium dichloroeliminans LMG P-21439
GCA_000243155.3	0.4496915950541366	Desulfitobacterium dehalogenans ATCC 51507
GCA_000244875.1	0.3725566226323203	Clostridium sp. BNL1100
GCA_000245495.1	0.3281456006714774	Staphylococcus aureus subsp. aureus VC40
GCA_000245535.1	0.5185742486084743	Salmonella enterica subsp. enterica serovar Typhi str. P-stx-12
GCA_000246855.1	0.4486974527778479	Niastella koreensis GR20-10
GCA_000247565.1	0.25223651385964546	Wigglesworthia glossinidia endosymbiont of Glossina morsitans morsitans (Yale colony)
GCA_000247605.1	0.3933813903708412	Acetobacterium woodii DSM 1030
GCA_000247715.1	0.6698045394323596	Gordonia polyisoprenivorans VH2
GCA_000248435.1	0.32258456505475647	Francisella tularensis subsp. tularensis TI0902
GCA_000250635.1	0.4636155070752707	Saprospira grandis str. Lewin
GCA_000250655.1	0.583094520135374	Paenibacillus mucilaginosus 3016
GCA_000250905.1	0.38480676615460535	Streptococcus pyogenes MGAS15252
GCA_000251085.2	0.3974139081361327	Streptococcus pneumoniae ST556
GCA_000252445.1	0.6915202743877874	Deinococcus gobiensis I-0
GCA_000252875.1	0.521944961593274	Salmonella enterica subsp. enterica serovar Typhimurium str. 798
GCA_000252975.1	0.37132022183231195	Listeria ivanovii subsp. ivanovii PAM 55
GCA_000252995.1	0.5132968842661776	Salmonella bongori NCTC 12419
GCA_000253015.1	0.35726974282593976	Bartonella clarridgeiae 73
GCA_000253035.1	0.3903611288711679	Parachlamydia acanthamoebae UV-7
GCA_000253155.1	0.41138464994460583	Streptococcus oralis Uo5
GCA_000253175.1	0.4696747429678245	Yersinia enterocolitica subsp. palearctica Y11
GCA_000253255.1	0.6326411556096694	Novosphingobium sp. PP1Y
GCA_000253295.1	0.5917104429022804	Hyphomicrobium sp. MC1
GCA_000253315.1	0.40069140413304416	Streptococcus salivarius JIM8777
GCA_000255115.3	0.42111636504466576	Desulfosporosinus acidiphilus SJ4
GCA_000255135.1	0.29139791508615714	Marinitoga piezophila KA3
GCA_000255155.1	0.5371135682723733	Corynebacterium diphtheriae HC02
GCA_000255295.1	0.6989692795650744	Corallococcus coralloides DSM 2259
GCA_000255915.1	0.40237616392906067	Pasteurella multocida subsp. multocida str. HN06
GCA_000255935.1	0.5218524360075066	Corynebacterium pseudotuberculosis P54B96
GCA_000255955.1	0.38876479451168827	Helicobacter pylori ELS37
GCA_000261025.1	0.4347832529523749	Prevotella intermedia 17
GCA_000263195.1	0.35583056420810744	Emticicia oligotrophica DSM 17448
GCA_000265295.1	0.3881843378116249	Sulfurospirillum barnesii SES-3
GCA_000265365.1	0.5664573156672618	Alistipes finegoldii DSM 17242
GCA_000265385.1	0.36191254451211147	Aequorivita sublithincola DSM 14238
GCA_000265425.1	0.6028124711880085	Terriglobus roseus DSM 18391
GCA_000265465.1	0.37217626892577654	Ornithobacterium rhinotracheale DSM 15997
GCA_000265505.1	0.30671775485192415	Flexibacter litoralis DSM 6794
GCA_000266885.1	0.5363170860149747	Turneriella parva DSM 21527
GCA_000266905.1	0.6828553923423492	Mycobacterium chubuense NBB4
GCA_000266925.1	0.47968065904567964	Anaerobaculum mobile DSM 13181
GCA_000266945.1	0.5008828674984798	Desulfomonile tiedjei DSM 6799
GCA_000269925.1	0.3882685044881508	Lactococcus garvieae ATCC 49156
GCA_000269985.1	0.7419750348332366	Kitasatospora setae KM-6054
GCA_000270125.2	0.5364267658257811	Pantoea ananatis AJ13355
GCA_000270225.1	0.48342640723074565	Porphyromonas gingivalis TDC60
GCA_000270245.1	0.672675393441247	Microlunatus phosphovorus NM-1
GCA_000270285.1	0.5620047693883254	Eggerthella sp. YY7918
GCA_000270305.1	0.5074049532802231	Clostridium sp. SY8519
GCA_000277085.1	0.6562789732425078	Mycobacterium tuberculosis RGTB327
GCA_000277145.1	0.6809644536337076	Mycobacterium intracellulare MOTT-02
GCA_000277265.1	0.2898963313583928	Rickettsia prowazekii str. RpGvF24
GCA_000277305.1	0.2892016493000179	Rickettsia typhi str. B9991CWPP
GCA_000283515.1	0.6552948127391688	Sphingobium sp. SYK-6
GCA_000283535.1	0.6435657091688313	Pseudogulbenkiania sp. NH8B
GCA_000283555.1	0.2797890675105374	Candidatus Arthromitus sp. SFB-rat-Yit
GCA_000283615.1	0.36041081351064497	Tetragenococcus halophilus NBRC 12172
GCA_000283655.1	0.676708343070811	Azospirillum lipoferum 4B
GCA_000283675.1	0.355295746727639	Bacillus cereus NC7401
GCA_000283695.1	0.46506543265956163	Bacillus velezensis CAU B946
GCA_000283755.1	0.3997914769890452	Mycoplasma pneumoniae 309
GCA_000283915.1	0.31013764227614005	Rickettsia canadensis str. CA410
GCA_000283935.1	0.324728447980761	Rickettsia rickettsii str. Hlp#2
GCA_000284035.1	0.6836608070357543	Nocardia cyriacigeorgica GUH-2
GCA_000284155.1	0.3228424823166677	Rickettsia australis str. Cutlack
GCA_000284175.1	0.3257185899649788	Rickettsia montanensis str. OSU 85-930
GCA_000284235.1	0.26577267000083454	Arcobacter sp. L
GCA_000284355.1	0.2706774347214375	Arcobacter butzleri ED-1
GCA_000284375.1	0.636655753686389	Bradyrhizobium japonicum USDA 6
GCA_000284435.1	0.28107844379433394	Candidatus Arthromitus sp. SFB-mouse-Yit
GCA_000284495.1	0.5069560546293945	Escherichia coli LF82
GCA_000309885.1	0.6855578723281983	Thermus oshimai JL-2
GCA_000317835.1	0.6369431027309218	Deinococcus peraridilitoris DSM 19664
GCA_000325705.1	0.44753692912318743	Echinicola vietnamensis DSM 17526
GCA_000327045.1	0.6558845260241579	Thioflavicoccus mobilis 8321
GCA_000327065.1	0.6249255242214469	Pseudomonas stutzeri RCH2
GCA_000328545.1	0.33713163499265447	Thermoanaerobacterium thermosaccharolyticum M0795
GCA_000348765.2	0.3475189818478735	Hydrogenobaculum sp. SN
GCA_000511355.1	0.6232801149868898	Leisingera methylohalidivorans DSM 14336
GCA_000511385.1	0.5943744211376043	Phaeobacter gallaeciensis DSM 26640
GCA_000512895.1	0.44561307305723846	Dehalobacter restrictus DSM 9455
GCA_000512915.1	0.5166991890423211	Barnesiella viscericola DSM 18177
GCA_000517565.1	0.3207766019406807	Desulfurella acetivorans A63
GCA_000517605.1	0.6093985278803322	Rhizobium leguminosarum bv. trifolii WSM1689
GCA_000520875.1	0.6101528524820721	Rhizobium leguminosarum bv. trifolii CB782
GCA_000632475.2	0.6856505424315628	Azospirillum brasilense
GCA_001602155.1	0.36502725833870686	Erysipelothrix rhusiopathiae
